{
    "rmse": 0.8359200119782066,
    "mae": 0.670971625635224,
    "r2": 0.04554681277658612
}